study_hours,attendance_rate,previous_score,pass_fail
3.7,43.1,41.8,pass
9.5,71.9,49.5,pass
7.3,72.4,42.4,pass
6.0,78.2,36.2,pass
1.6,83.6,38.4,fail
1.6,98.6,62.3,fail
0.6,71.0,44.4,fail
8.7,59.4,55.5,pass
6.0,87.7,65.2,pass
7.1,56.2,78.3,pass
0.2,66.3,32.8,fail
9.7,44.7,86.0,pass
8.3,41.5,74.0,pass
2.1,97.8,35.7,fail
1.8,90.2,91.2,pass
1.8,81.8,94.5,pass
3.0,64.5,34.3,fail
5.2,50.4,49.4,fail
4.3,49.4,86.4,fail
2.9,55.0,82.4,pass
6.1,73.0,42.9,fail
1.4,82.9,44.7,fail
2.9,79.6,55.9,fail
3.7,56.8,63.9,fail
4.6,97.3,73.3,pass
7.9,84.3,55.8,pass
2.0,73.3,62.4,pass
5.1,76.7,82.3,pass
5.9,65.2,32.6,fail
0.5,54.9,47.7,fail
6.1,61.4,79.9,pass
1.7,85.5,92.7,fail
0.7,40.9,65.8,fail
9.5,47.0,67.2,pass
9.7,42.8,37.5,pass
8.1,42.4,61.3,pass
3.0,91.3,67.3,pass
1.0,82.2,47.0,fail
6.8,68.5,48.8,pass
4.4,45.9,56.4,fail
1.2,69.5,31.4,fail
5.0,68.4,52.5,pass
0.3,50.4,44.8,fail
9.1,66.0,52.9,pass
2.6,63.9,38.4,pass
6.6,77.0,92.3,pass
3.1,78.1,71.6,pass
5.2,42.7,77.5,fail
5.5,62.5,85.2,fail
1.8,77.6,64.9,fail
9.7,70.2,36.1,pass
7.8,91.4,67.6,pass
9.4,79.5,71.1,pass
8.9,49.8,82.2,pass
6.0,44.2,60.2,pass
9.2,78.5,38.9,pass
0.9,41.6,49.9,fail
2.0,75.1,55.4,pass
0.5,96.4,75.2,pass
3.3,74.5,70.0,fail
3.9,63.3,54.9,pass
2.7,78.6,99.1,pass
8.3,67.5,72.4,pass
3.6,72.7,46.6,pass
2.8,96.5,37.1,pass
5.4,63.2,40.7,pass
1.4,97.7,47.2,fail
8.0,94.3,41.2,pass
0.7,51.7,43.1,fail
9.9,44.2,50.0,pass
7.7,46.0,42.1,fail
2.0,41.1,92.8,fail
0.1,45.7,35.6,fail
8.2,81.0,66.7,pass
7.1,44.3,58.7,pass
7.3,59.1,98.8,pass
7.7,90.7,37.8,pass
0.7,41.4,57.8,pass
3.6,88.9,97.9,pass
1.2,56.9,90.6,fail
8.6,47.1,87.2,pass
6.2,81.8,48.1,fail
3.3,77.7,42.0,pass
0.6,92.6,76.8,pass
3.1,84.1,95.1,pass
3.3,88.2,69.0,pass
7.3,56.9,70.0,pass
6.4,50.6,49.6,pass
8.9,85.0,83.9,pass
4.7,88.4,43.1,fail
1.2,99.4,52.7,fail
7.1,64.8,59.8,pass
7.6,62.3,65.5,pass
5.6,86.6,47.0,pass
7.7,60.4,38.0,pass
4.9,95.8,72.7,pass
5.2,91.5,50.2,fail
4.3,65.7,70.7,pass
0.3,85.1,40.8,fail
1.1,85.3,63.7,pass
0.3,46.2,67.3,pass
6.4,94.2,33.6,pass
3.1,70.3,53.6,fail
5.1,89.6,39.4,fail
9.1,59.2,34.4,fail
2.5,93.7,99.3,pass
4.1,63.4,52.6,fail
7.6,40.7,86.7,pass
2.3,94.3,47.8,pass
0.8,45.5,77.7,fail
2.9,59.2,83.2,pass
1.6,97.0,71.7,fail
9.3,97.0,63.0,pass
8.1,74.4,58.8,pass
6.3,77.9,54.4,pass
8.7,66.9,95.1,pass
8.0,57.6,88.1,pass
1.9,59.7,97.6,pass
8.9,80.4,38.7,fail
5.4,85.1,81.2,pass
8.1,87.5,95.7,pass
9.0,87.4,42.7,pass
3.2,45.5,34.7,fail
1.1,69.7,81.9,fail
2.3,43.5,70.2,fail
4.3,73.0,88.9,pass
8.2,66.5,39.8,fail
8.6,93.3,85.7,pass
0.1,61.1,44.1,fail
5.1,47.0,41.5,fail
4.2,48.6,41.5,pass
2.2,85.7,87.0,pass
1.2,77.1,76.6,pass
3.4,46.1,66.6,pass
9.4,45.0,55.1,pass
3.2,82.1,91.4,pass
5.2,44.4,57.5,pass
7.0,89.3,87.2,pass
3.6,82.4,60.7,pass
9.7,44.9,56.4,pass
9.6,45.1,62.4,pass
2.5,99.2,51.1,fail
5.0,62.5,82.3,pass
3.0,62.2,65.2,fail
2.8,88.8,46.3,fail
0.4,96.8,93.0,pass
6.1,99.2,56.9,pass
5.0,85.2,68.0,pass
0.5,62.6,93.5,fail
2.8,45.0,73.7,pass
9.1,86.6,38.2,fail
2.4,73.5,95.8,pass
1.4,65.5,73.9,fail
4.9,94.4,53.4,fail
9.9,46.7,39.7,fail
2.4,69.6,85.6,pass
6.7,40.7,73.4,fail
7.6,68.1,67.3,pass
2.4,43.4,92.6,pass
7.3,47.1,85.2,pass
3.7,47.1,40.6,fail
6.3,79.0,51.8,fail
6.3,84.8,47.4,fail
5.4,75.0,82.1,pass
0.9,97.7,32.3,fail
8.4,62.5,69.9,pass
3.2,57.1,83.4,pass
1.9,92.1,91.4,pass
0.4,53.4,53.9,fail
5.9,97.8,87.5,pass
6.8,40.7,37.7,pass
0.2,98.2,89.3,pass
5.1,42.6,38.9,pass
2.3,93.5,57.8,pass
6.5,71.7,85.8,fail
1.7,99.6,40.5,fail
6.9,44.4,46.0,pass
3.9,73.2,80.6,pass
9.4,98.2,80.4,pass
1.4,71.4,74.9,fail
3.4,77.8,78.6,fail
1.1,81.7,68.0,pass
9.2,67.3,47.6,pass
8.8,77.7,54.2,pass
2.6,75.1,42.7,fail
6.6,94.1,93.6,pass
8.2,42.7,70.8,pass
5.6,56.9,58.1,pass
5.3,97.0,62.3,fail
2.4,93.4,96.3,pass
0.9,67.3,40.7,fail
9.0,77.2,71.0,pass
9.0,56.6,65.4,pass
6.3,51.3,72.8,pass
3.4,67.8,31.3,pass
3.5,61.2,91.0,pass
7.3,75.0,95.2,pass
9.0,44.7,69.6,pass
8.9,98.5,78.8,pass
7.8,99.2,94.6,pass
6.4,81.9,79.5,pass
0.8,72.2,40.7,fail
1.6,58.6,70.3,fail
9.0,88.8,72.5,pass
6.1,81.1,59.7,fail
0.1,49.8,81.6,pass
1.0,94.7,95.4,pass
6.6,89.4,94.8,pass
0.1,97.0,61.6,fail
1.6,83.5,37.9,pass
5.5,76.8,98.9,pass
6.9,65.1,88.7,pass
6.5,96.0,38.7,pass
2.2,92.0,94.5,pass
7.1,42.7,90.9,pass
2.4,41.6,66.3,fail
3.3,62.6,71.4,pass
7.5,88.6,57.9,pass
6.5,99.2,33.8,pass
8.5,49.0,53.5,pass
6.6,75.6,86.2,pass
5.7,62.9,30.3,fail
0.9,98.2,53.3,fail
3.7,90.5,57.9,fail
2.7,90.3,67.6,pass
2.4,68.1,94.4,pass
9.7,64.9,54.2,pass
3.9,56.4,54.3,pass
8.9,43.4,81.6,pass
6.3,91.9,61.7,pass
7.9,88.8,45.7,pass
5.0,100.0,61.7,pass
5.8,99.8,39.9,pass
4.9,73.3,42.3,pass
2.0,86.1,64.9,fail
7.2,96.7,59.3,pass
2.8,91.0,94.0,pass
0.2,54.8,55.4,fail
6.5,67.0,70.6,pass
1.8,47.7,74.3,fail
9.4,97.2,30.9,pass
9.5,76.4,76.4,pass
9.1,53.7,42.5,pass
3.7,80.3,97.3,pass
0.2,77.1,40.4,fail
9.3,61.5,59.0,fail
4.3,46.8,36.0,fail
9.7,80.3,99.8,pass
9.6,71.2,65.2,pass
8.5,86.3,71.7,pass
2.9,71.2,34.7,fail
3.9,91.1,82.5,pass
8.5,73.1,44.7,pass
3.2,73.7,92.9,pass
1.7,92.6,44.4,fail
5.6,64.2,43.3,fail
9.4,48.0,32.6,pass
7.0,41.7,63.0,fail
5.7,85.3,69.5,fail
1.0,77.2,34.6,pass
6.2,82.2,84.3,pass
9.9,52.8,61.7,pass
1.4,48.2,66.7,fail
5.2,40.9,60.9,fail
8.8,61.0,58.1,pass
7.4,75.4,69.2,pass
7.0,63.5,40.9,fail
7.0,66.2,42.7,pass
3.6,94.2,90.3,pass
2.9,60.9,96.2,pass
8.1,70.8,56.1,pass
8.1,87.0,49.0,fail
8.7,63.8,75.1,pass
9.1,77.3,58.6,pass
5.1,91.7,31.8,fail
5.0,97.0,40.9,pass
8.0,48.8,80.1,pass
6.5,95.6,76.1,pass
7.0,69.5,31.9,fail
8.0,55.5,45.5,pass
8.9,67.5,46.2,fail
3.4,98.8,77.0,pass
3.8,69.6,31.4,fail
0.9,59.7,37.3,fail
5.8,78.0,86.0,pass
0.4,54.4,42.5,fail
4.7,44.6,75.7,fail
5.4,47.7,46.7,pass
2.9,47.7,37.0,fail
5.9,49.1,47.0,fail
0.3,48.3,80.6,pass
0.4,78.5,89.9,pass
8.2,50.9,88.1,pass
3.6,60.7,57.8,fail
1.3,93.8,76.8,pass
5.2,68.4,44.3,fail
7.7,80.1,50.5,fail
2.2,50.3,92.7,fail
6.2,51.5,30.9,fail
0.9,42.5,36.0,fail
